Year,Month,Crash_ID,Crash_Fatal_Fl,Death_Cnt,yearMonth
2019,1,1724,2,,2019-01
2019,2,1088,0,,2019-02
2019,3,1095,2,,2019-03
2019,4,831,1,,2019-04
2019,5,894,2,,2019-05
2019,6,1014,4,,2019-06
2019,7,1081,2,,2019-07
2019,8,1071,7,,2019-08
2019,9,966,4,,2019-09
2019,10,1007,9,,2019-10
2019,11,1278,4,,2019-11
2019,12,893,7,,2019-12
2020,1,1384,3,,2020-01
2020,2,1240,1,,2020-02
2020,3,633,2,,2020-03
2020,4,312,1,,2020-04